{"cameraMode":{"drawMode":0,"name":"Shaded","section":"Shading Mode"},"sceneLighting":true,"audioPlay":false,"sceneViewState":{"showFog":true,"showMaterialUpdate":false,"showSkybox":true,"showFlares":true,"showImageEffects":true,"showParticleSystems":true},"in2DMode":false,"pivot":{"x":-1.461829423904419,"y":2.94797945022583,"z":-8.709880828857422},"rotation":{"x":-0.23677334189414979,"y":0.4994701147079468,"z":-0.14402909576892854,"w":-0.8208796977996826},"size":46.615081787109378,"orthographic":true}