{"cameraMode":{"drawMode":0,"name":"Shaded","section":"Shading Mode"},"sceneLighting":true,"audioPlay":false,"sceneViewState":{"showFog":true,"showMaterialUpdate":false,"showSkybox":true,"showFlares":true,"showImageEffects":true,"showParticleSystems":true},"in2DMode":false,"pivot":{"x":-1.461829423904419,"y":2.94797945022583,"z":-8.709880828857422},"rotation":{"x":-0.35100990533828738,"y":0.4992762506008148,"z":-0.23126216232776643,"w":-0.7577292323112488},"size":46.615081787109378,"orthographic":true}