{"cameraMode":{"drawMode":0,"name":"Shaded","section":"Shading Mode"},"sceneLighting":true,"audioPlay":false,"sceneViewState":{"showFog":true,"showMaterialUpdate":false,"showSkybox":true,"showFlares":true,"showImageEffects":true,"showParticleSystems":true},"in2DMode":false,"pivot":{"x":7.159999847412109,"y":2.2939999103546144,"z":6.099999904632568},"rotation":{"x":-0.35100990533828738,"y":0.4992762506008148,"z":-0.23126216232776643,"w":-0.7577292323112488},"size":49.07577133178711,"orthographic":true}