{"cameraMode":{"drawMode":0,"name":"Shaded","section":"Shading Mode"},"sceneLighting":false,"audioPlay":false,"sceneViewState":{"showFog":true,"showMaterialUpdate":false,"showSkybox":false,"showFlares":true,"showImageEffects":true,"showParticleSystems":true},"in2DMode":false,"pivot":{"x":0.10000000149011612,"y":1.3677425384521485,"z":2.6517927646636965},"rotation":{"x":-0.0809607058763504,"y":-0.4447060823440552,"z":0.040392566472291949,"w":-0.8911237716674805},"size":22.0,"orthographic":true}